{
  "id": "4299341",
  "name": "im",
  "font_family": "iconfont",
  "css_prefix_text": "icon-",
  "description": "",
  "glyphs": [
    {
      "icon_id": "1336067",
      "name": "Add",
      "font_class": "add",
      "unicode": "e607",
      "unicode_decimal": 58887
    },
    {
      "icon_id": "16435668",
      "name": "beauty-beauty",
      "font_class": "beauty-beauty",
      "unicode": "e604",
      "unicode_decimal": 58884
    },
    {
      "icon_id": "8106224",
      "name": "down",
      "font_class": "down",
      "unicode": "e69b",
      "unicode_decimal": 59035
    },
    {
      "icon_id": "35119411",
      "name": "c170机器人",
      "font_class": "robot",
      "unicode": "e60d",
      "unicode_decimal": 58893
    },
    {
      "icon_id": "27934018",
      "name": "super_admin",
      "font_class": "super-admin",
      "unicode": "e741",
      "unicode_decimal": 59201
    },
    {
      "icon_id": "32110947",
      "name": "super-administrator-configuration",
      "font_class": "super-admin2",
      "unicode": "e6cd",
      "unicode_decimal": 59085
    },
    {
      "icon_id": "7736478",
      "name": "users",
      "font_class": "group",
      "unicode": "e92e",
      "unicode_decimal": 59694
    },
    {
      "icon_id": "924507",
      "name": "refresh",
      "font_class": "refresh",
      "unicode": "e938",
      "unicode_decimal": 59704
    },
    {
      "icon_id": "28551351",
      "name": "image_error",
      "font_class": "image-error",
      "unicode": "e60c",
      "unicode_decimal": 58892
    },
    {
      "icon_id": "12886736",
      "name": "ic_ok",
      "font_class": "ok",
      "unicode": "e603",
      "unicode_decimal": 58883
    },
    {
      "icon_id": "4472423",
      "name": "play",
      "font_class": "play",
      "unicode": "e6fc",
      "unicode_decimal": 59132
    },
    {
      "icon_id": "7097960",
      "name": "play",
      "font_class": "play1",
      "unicode": "e62d",
      "unicode_decimal": 58925
    },
    {
      "icon_id": "20981685",
      "name": "play",
      "font_class": "video-play",
      "unicode": "e602",
      "unicode_decimal": 58882
    },
    {
      "icon_id": "8126893",
      "name": "file-video-solid",
      "font_class": "video02",
      "unicode": "e7c1",
      "unicode_decimal": 59329
    },
    {
      "icon_id": "1261695",
      "name": "file",
      "font_class": "file",
      "unicode": "e67e",
      "unicode_decimal": 59006
    },
    {
      "icon_id": "11249873",
      "name": "video-1",
      "font_class": "video",
      "unicode": "e85c",
      "unicode_decimal": 59484
    },
    {
      "icon_id": "747121",
      "name": "setting",
      "font_class": "setting1",
      "unicode": "e614",
      "unicode_decimal": 58900
    },
    {
      "icon_id": "6686234",
      "name": "guanli",
      "font_class": "user-setting",
      "unicode": "e623",
      "unicode_decimal": 58915
    },
    {
      "icon_id": "1898760",
      "name": "folder",
      "font_class": "folder1",
      "unicode": "e698",
      "unicode_decimal": 59032
    },
    {
      "icon_id": "14997127",
      "name": "关于我们2",
      "font_class": "about",
      "unicode": "e61e",
      "unicode_decimal": 58910
    },
    {
      "icon_id": "12939972",
      "name": "更多",
      "font_class": "more2",
      "unicode": "e643",
      "unicode_decimal": 58947
    },
    {
      "icon_id": "1223692",
      "name": "actual_size",
      "font_class": "resize",
      "unicode": "e665",
      "unicode_decimal": 58981
    },
    {
      "icon_id": "21823841",
      "name": "right",
      "font_class": "right",
      "unicode": "e673",
      "unicode_decimal": 58995
    },
    {
      "icon_id": "34453008",
      "name": "left-arrow",
      "font_class": "left",
      "unicode": "e83d",
      "unicode_decimal": 59453
    },
    {
      "icon_id": "34452995",
      "name": "download",
      "font_class": "download",
      "unicode": "e839",
      "unicode_decimal": 59449
    },
    {
      "icon_id": "34582206",
      "name": "右旋转",
      "font_class": "rotate",
      "unicode": "e6a3",
      "unicode_decimal": 59043
    },
    {
      "icon_id": "4777227",
      "name": "缩小",
      "font_class": "narrow",
      "unicode": "ec13",
      "unicode_decimal": 60435
    },
    {
      "icon_id": "4777229",
      "name": "放大",
      "font_class": "enlarge",
      "unicode": "ec14",
      "unicode_decimal": 60436
    },
    {
      "icon_id": "4890405",
      "name": "原始大小",
      "font_class": "source-size",
      "unicode": "e6f2",
      "unicode_decimal": 59122
    },
    {
      "icon_id": "546707",
      "name": "WeChat",
      "font_class": "chat2",
      "unicode": "e601",
      "unicode_decimal": 58881
    },
    {
      "icon_id": "4250711",
      "name": "男",
      "font_class": "man",
      "unicode": "e6c2",
      "unicode_decimal": 59074
    },
    {
      "icon_id": "18166839",
      "name": "用户,女,头像",
      "font_class": "woman",
      "unicode": "e8ea",
      "unicode_decimal": 59626
    },
    {
      "icon_id": "4766292",
      "name": "addteam",
      "font_class": "add-group",
      "unicode": "e7af",
      "unicode_decimal": 59311
    },
    {
      "icon_id": "349004",
      "name": "user",
      "font_class": "user1",
      "unicode": "ecc8",
      "unicode_decimal": 60616
    },
    {
      "icon_id": "1660748",
      "name": "纸飞机",
      "font_class": "plane",
      "unicode": "e62a",
      "unicode_decimal": 58922
    },
    {
      "icon_id": "10793071",
      "name": "user",
      "font_class": "user2",
      "unicode": "e628",
      "unicode_decimal": 58920
    },
    {
      "icon_id": "4766293",
      "name": "user",
      "font_class": "user-nick",
      "unicode": "e7ae",
      "unicode_decimal": 59310
    },
    {
      "icon_id": "15838472",
      "name": "email",
      "font_class": "email",
      "unicode": "e66f",
      "unicode_decimal": 58991
    },
    {
      "icon_id": "6151292",
      "name": "minus",
      "font_class": "min",
      "unicode": "e828",
      "unicode_decimal": 59432
    },
    {
      "icon_id": "28410679",
      "name": "图钉",
      "font_class": "top",
      "unicode": "e67c",
      "unicode_decimal": 59004
    },
    {
      "icon_id": "14341983",
      "name": "maximize",
      "font_class": "maximize",
      "unicode": "e7bf",
      "unicode_decimal": 59327
    },
    {
      "icon_id": "15838563",
      "name": "close-bold",
      "font_class": "close",
      "unicode": "e685",
      "unicode_decimal": 59013
    },
    {
      "icon_id": "18309134",
      "name": "window-maximize",
      "font_class": "max",
      "unicode": "e606",
      "unicode_decimal": 58886
    },
    {
      "icon_id": "38492093",
      "name": "maximize-copy",
      "font_class": "maximize-copy",
      "unicode": "e7c0",
      "unicode_decimal": 59328
    },
    {
      "icon_id": "553324",
      "name": "验证 验证码",
      "font_class": "checkcode",
      "unicode": "e626",
      "unicode_decimal": 58918
    },
    {
      "icon_id": "12779504",
      "name": "password",
      "font_class": "password",
      "unicode": "e65d",
      "unicode_decimal": 58973
    },
    {
      "icon_id": "18261691",
      "name": "setting",
      "font_class": "setting",
      "unicode": "e632",
      "unicode_decimal": 58930
    },
    {
      "icon_id": "269810",
      "name": "more",
      "font_class": "more",
      "unicode": "e6ad",
      "unicode_decimal": 59053
    },
    {
      "icon_id": "815515",
      "name": "emoji",
      "font_class": "emoji",
      "unicode": "e627",
      "unicode_decimal": 58919
    },
    {
      "icon_id": "10793055",
      "name": "image",
      "font_class": "image",
      "unicode": "e622",
      "unicode_decimal": 58914
    },
    {
      "icon_id": "15838481",
      "name": "folder-close",
      "font_class": "folder",
      "unicode": "e671",
      "unicode_decimal": 58993
    },
    {
      "icon_id": "15838525",
      "name": "search",
      "font_class": "search",
      "unicode": "e67d",
      "unicode_decimal": 59005
    },
    {
      "icon_id": "10166364",
      "name": "user",
      "font_class": "user",
      "unicode": "e63e",
      "unicode_decimal": 58942
    },
    {
      "icon_id": "9358615",
      "name": "chat",
      "font_class": "chat",
      "unicode": "e600",
      "unicode_decimal": 58880
    }
  ]
}
